<?xml version="1.0" encoding="UTF-8"?>
<Capabilities version="1.0.0" xmlns="http://www.opengis.net/sos/1.0"
    xmlns:gml="http://www.opengis.net/gml"
    xmlns:oost="http://www.oostethys.org/schemas/0.1.0/oostethys"
    xmlns:ows="http://www.opengis.net/ows/1.1"
    xmlns:swe="http://www.opengis.net/swe/1.0.1"
    xmlns:xlink="http://www.w3.org/1999/xlink"
    xmlns:xsi="http://www.w3.org/2001/XMLSchema-instance" xsi:schemaLocation="http://www.opengis.net/sos/1.0 http://schemas.opengis.net/sos/1.0.0/sosGetCapabilities.xsd">
    <!--~~~~~~~~~~~~~~~~~~~~~~~~-->
    <!-- Service Identification -->
    <!--~~~~~~~~~~~~~~~~~~~~~~~~-->
    <ows:ServiceIdentification>
        <ows:Title/>
        <ows:Abstract/>
        <ows:Keywords>
            <ows:Keyword/>
        </ows:Keywords>
        <ows:ServiceType codeSpace="http://opengeospatial.net">OGC:SOS</ows:ServiceType>
        <ows:ServiceTypeVersion>1.0.0</ows:ServiceTypeVersion>
        <ows:Fees>NONE</ows:Fees>
        <ows:AccessConstraints>NONE</ows:AccessConstraints>
    </ows:ServiceIdentification>
    <!--~~~~~~~~~~~~~~~~~~~~~~-->
    <!-- Provider Description -->
    <!--~~~~~~~~~~~~~~~~~~~~~~-->
    <ows:ServiceProvider>
        <ows:ProviderName/>
        <ows:ProviderSite/>
        <ows:ServiceContact>
            <ows:IndividualName/>
            <ows:PositionName/>
            <ows:ContactInfo>
                <ows:Phone>
                    <ows:Voice/>
                </ows:Phone>
                <ows:Address>
                    <ows:DeliveryPoint/>
                    <ows:City/>
                    <ows:AdministrativeArea/>
                    <ows:PostalCode/>
                    <ows:Country/>
                    <ows:ElectronicMailAddress/>
                </ows:Address>
            </ows:ContactInfo>
        </ows:ServiceContact>
    </ows:ServiceProvider>
    <!--~~~~~~~~~~~~~~~~~~~~~~~~~~~~~-->
    <!-- operations Metadata Section -->
    <!--~~~~~~~~~~~~~~~~~~~~~~~~~~~~~-->
    <ows:OperationsMetadata>
        <ows:Operation name="GetCapabilities">
            <ows:DCP>
                <ows:HTTP>
                    <ows:Get xlink:href="C:/Users/scowan/Projects/maven/ncSOS/resources/datasets/timeSeriesProfile-Orthogonal-Multidimensional-MultipeStations-H.5.1/timeSeriesProfile-Orthogonal-Multidimensional-MultipeStations-H.5.1.nc"/>
                </ows:HTTP>
            </ows:DCP>
            <ows:Parameter name="Sections">
                <ows:AllowedValues>
                    <ows:Value>ServiceIdentification</ows:Value>
                    <ows:Value>ServiceProvider</ows:Value>
                    <ows:Value>OperationsMetadata</ows:Value>
                    <ows:Value>Contents</ows:Value>
                    <ows:Value>All</ows:Value>
                </ows:AllowedValues>
            </ows:Parameter>
        </ows:Operation>
        <ows:Operation name="GetObservation">
            <ows:DCP>
                <ows:HTTP>
                    <ows:Get xlink:href="C:/Users/scowan/Projects/maven/ncSOS/resources/datasets/timeSeriesProfile-Orthogonal-Multidimensional-MultipeStations-H.5.1/timeSeriesProfile-Orthogonal-Multidimensional-MultipeStations-H.5.1.nc"/>
                </ows:HTTP>
            </ows:DCP>
            <ows:Parameter name="offering" use="required">
                <ows:AllowedValues>
                    <ows:Value>network-all</ows:Value>
                    <ows:Value>Station1</ows:Value>
                    <ows:Value>Station2</ows:Value>
                </ows:AllowedValues>
            </ows:Parameter>
            <ows:Parameter name="observedProperty" use="required">
                <ows:AllowedValues>
                    <ows:value>station_info</ows:value>
                </ows:AllowedValues>
            </ows:Parameter>
            <ows:Parameter name="eventTime" use="optional">
                <ows:AllowedValues>
                    <ows:Range/>
                    <ows:MinimumValue>1990-01-01T00:00:00.000Z</ows:MinimumValue>
                    <ows:MaximumValue>1990-01-01T00:00:00.000Z</ows:MaximumValue>
                </ows:AllowedValues>
            </ows:Parameter>
            <ows:Parameter name="responseFormat" use="required">
                <ows:AllowedValues>
                    <ows:Value>text/xml;subtype="om/1.0.0"</ows:Value>
                </ows:AllowedValues>
            </ows:Parameter>
        </ows:Operation>
        <ows:Operation name="DescribeSensor">
            <ows:DCP>
                <ows:HTTP>
                    <ows:Get/>
                </ows:HTTP>
            </ows:DCP>
            <ows:Parameter name="procedure" use="required">
                <ows:AllowedValues>
                    <ows:Value>urn:tds:network:all</ows:Value>
                    <ows:Value>urn:tds:station.sos:Station1</ows:Value>
                    <ows:Value>urn:tds:sensor.sos:Station1:station_info</ows:Value>
                    <ows:Value>urn:tds:station.sos:Station2</ows:Value>
                    <ows:Value>urn:tds:sensor.sos:Station2:station_info</ows:Value>
                </ows:AllowedValues>
            </ows:Parameter>
            <ows:Parameter name="responseformat" use="required">
                <ows:AllowedValues>
                    <ows:Value>text/xml;subtype="sensorML/1.0.1"</ows:Value>
                </ows:AllowedValues>
            </ows:Parameter>
        </ows:Operation>
        <ows:Parameter name="service" use="required">
            <ows:AllowedValues>
                <ows:Value>SOS</ows:Value>
            </ows:AllowedValues>
        </ows:Parameter>
        <ows:Parameter name="version" use="required">
            <ows:AllowedValues>
                <ows:Value>1.0.0</ows:Value>
            </ows:AllowedValues>
        </ows:Parameter>
    </ows:OperationsMetadata>
    <!--~~~~~~~~~~~~~~~~~~~~~~~-->
    <!-- Observation Offerings -->
    <!--~~~~~~~~~~~~~~~~~~~~~~~-->
    <Contents>
        <ObservationOfferingList>
            <ObservationOffering gml:id="network-all">
                <gml:description>All stations in the netCDF dataset.</gml:description>
                <gml:name>urn:tds:network:all</gml:name>
                <gml:srsName>EPSG:4326</gml:srsName>
                <gml:boundedBy>
                    <gml:Envelope srsName="http://www.opengis.net/def/crs/EPSG/0/4326">
                        <gml:lowerCorner>32.5 -78.30000305175781</gml:lowerCorner>
                        <gml:upperCorner>37.501 -76.499</gml:upperCorner>
                    </gml:Envelope>
                </gml:boundedBy>
                <time>
                    <gml:TimePeriod xsi:type="gml:TimePeriodType">
                        <gml:beginPosition>1990-01-01T00:00:00.000Z</gml:beginPosition>
                        <gml:endPosition>1990-01-01T00:00:00.000Z</gml:endPosition>
                    </gml:TimePeriod>
                </time>
                <procedure xlink:href="urn:tds:station.sos:Station1"/>
                <procedure xlink:href="urn:tds:station.sos:Station2"/>
                <observedProperty xlink:href="station_info"/>
                <responseFormat>text/xml; subtype="om/1.0.0"</responseFormat>
                <responseModel/>
                <responseMode/>
            </ObservationOffering>
            <ObservationOffering gml:id="Station1">
                <gml:name>urn:tds:station.sos:Station1</gml:name>
                <gml:srsName>EPSG:4326</gml:srsName>
                <gml:boundedBy>
                    <gml:Envelope srsName="http://www.opengis.net/def/crs/EPSG/0/4326">
                        <gml:lowerCorner>37.5 -76.5</gml:lowerCorner>
                        <gml:upperCorner>37.501 -76.499</gml:upperCorner>
                    </gml:Envelope>
                </gml:boundedBy>
                <time>
                    <gml:TimePeriod xsi:type="gml:TimePeriodType">
                        <gml:beginPosition>1990-01-01T00:00:00.000Z</gml:beginPosition>
                        <gml:endPosition>1990-01-01T00:00:00.000Z</gml:endPosition>
                    </gml:TimePeriod>
                </time>
                <featureOfInterest xlink:href="Station1"/>
                <observedProperty xlink:href="station_info"/>
                <procedure xlink:href="urn:tds:sensor.sos:Station1:station_info"/>
                <responseFormat>text/xml; subtype="om/1.0.0"</responseFormat>
                <responseModel>om:ObservationCollection</responseModel>
                <responseMode>inline</responseMode>
            </ObservationOffering>
            <ObservationOffering gml:id="Station2">
                <gml:name>urn:tds:station.sos:Station2</gml:name>
                <gml:srsName>EPSG:4326</gml:srsName>
                <gml:boundedBy>
                    <gml:Envelope srsName="http://www.opengis.net/def/crs/EPSG/0/4326">
                        <gml:lowerCorner>32.5 -78.30000305175781</gml:lowerCorner>
                        <gml:upperCorner>32.501 -78.29900305175781</gml:upperCorner>
                    </gml:Envelope>
                </gml:boundedBy>
                <time>
                    <gml:TimePeriod xsi:type="gml:TimePeriodType">
                        <gml:beginPosition>1990-01-01T00:00:00.000Z</gml:beginPosition>
                        <gml:endPosition>1990-01-01T00:00:00.000Z</gml:endPosition>
                    </gml:TimePeriod>
                </time>
                <featureOfInterest xlink:href="Station2"/>
                <observedProperty xlink:href="station_info"/>
                <procedure xlink:href="urn:tds:sensor.sos:Station2:station_info"/>
                <responseFormat>text/xml; subtype="om/1.0.0"</responseFormat>
                <responseModel>om:ObservationCollection</responseModel>
                <responseMode>inline</responseMode>
            </ObservationOffering>
        </ObservationOfferingList>
    </Contents>
</Capabilities>
