<?xml version="1.0" encoding="UTF-8"?>
<Capabilities version="1.0.0" xmlns="http://www.opengis.net/sos/1.0"
    xmlns:gml="http://www.opengis.net/gml"
    xmlns:oost="http://www.oostethys.org/schemas/0.1.0/oostethys"
    xmlns:ows="http://www.opengis.net/ows/1.1"
    xmlns:swe="http://www.opengis.net/swe/1.0.1"
    xmlns:xlink="http://www.w3.org/1999/xlink"
    xmlns:xsi="http://www.w3.org/2001/XMLSchema-instance" xsi:schemaLocation="http://www.opengis.net/sos/1.0 http://schemas.opengis.net/sos/1.0.0/sosGetCapabilities.xsd">
    <!--~~~~~~~~~~~~~~~~~~~~~~~~-->
    <!-- Service Identification -->
    <!--~~~~~~~~~~~~~~~~~~~~~~~~-->
    <ows:ServiceIdentification>
        <ows:Title/>
        <ows:Abstract/>
        <ows:Keywords>
            <ows:Keyword/>
        </ows:Keywords>
        <ows:ServiceType codeSpace="http://opengeospatial.net">OGC:SOS</ows:ServiceType>
        <ows:ServiceTypeVersion>1.0.0</ows:ServiceTypeVersion>
        <ows:Fees>NONE</ows:Fees>
        <ows:AccessConstraints>NONE</ows:AccessConstraints>
    </ows:ServiceIdentification>
    <!--~~~~~~~~~~~~~~~~~~~~~~-->
    <!-- Provider Description -->
    <!--~~~~~~~~~~~~~~~~~~~~~~-->
    <ows:ServiceProvider>
        <ows:ProviderName/>
        <ows:ProviderSite/>
        <ows:ServiceContact>
            <ows:IndividualName/>
            <ows:PositionName/>
            <ows:ContactInfo>
                <ows:Phone>
                    <ows:Voice/>
                </ows:Phone>
                <ows:Address>
                    <ows:DeliveryPoint/>
                    <ows:City/>
                    <ows:AdministrativeArea/>
                    <ows:PostalCode/>
                    <ows:Country/>
                    <ows:ElectronicMailAddress/>
                </ows:Address>
            </ows:ContactInfo>
        </ows:ServiceContact>
    </ows:ServiceProvider>
    <!--~~~~~~~~~~~~~~~~~~~~~~~~~~~~~-->
    <!-- operations Metadata Section -->
    <!--~~~~~~~~~~~~~~~~~~~~~~~~~~~~~-->
    <ows:OperationsMetadata>
        <ows:Operation name="GetCapabilities">
            <ows:DCP>
                <ows:HTTP>
                    <ows:Get xlink:href="resources/datasets/trajectoryProfile-Multidimensional-MultipleTrajectories-H.6.1/trajectoryProfile-Multidimensional-MultipleTrajectories-H.6.1.nc"/>
                </ows:HTTP>
            </ows:DCP>
            <ows:Parameter name="Sections">
                <ows:AllowedValues>
                    <ows:Value>ServiceIdentification</ows:Value>
                    <ows:Value>ServiceProvider</ows:Value>
                    <ows:Value>OperationsMetadata</ows:Value>
                    <ows:Value>Contents</ows:Value>
                    <ows:Value>All</ows:Value>
                </ows:AllowedValues>
            </ows:Parameter>
        </ows:Operation>
        <ows:Operation name="GetObservation">
            <ows:DCP>
                <ows:HTTP>
                    <ows:Get xlink:href="resources/datasets/trajectoryProfile-Multidimensional-MultipleTrajectories-H.6.1/trajectoryProfile-Multidimensional-MultipleTrajectories-H.6.1.nc"/>
                </ows:HTTP>
            </ows:DCP>
            <ows:Parameter name="offering" use="required">
                <ows:AllowedValues>
                    <ows:Value>network-all</ows:Value>
                    <ows:Value>Trajectory0</ows:Value>
                    <ows:Value>Trajectory1</ows:Value>
                    <ows:Value>Trajectory2</ows:Value>
                    <ows:Value>Trajectory3</ows:Value>
                    <ows:Value>Trajectory4</ows:Value>
                    <ows:Value>Trajectory5</ows:Value>
                </ows:AllowedValues>
            </ows:Parameter>
            <ows:Parameter name="observedProperty" use="required">
                <ows:AllowedValues>
                    <ows:value>time</ows:value>
                    <ows:value>temperature</ows:value>
                    <ows:value>salinity</ows:value>
                    <ows:value>alt</ows:value>
                </ows:AllowedValues>
            </ows:Parameter>
            <ows:Parameter name="eventTime" use="optional">
                <ows:AllowedValues>
                    <ows:Range/>
                    <ows:MinimumValue>1990-01-01T00:00:00.000Z</ows:MinimumValue>
                    <ows:MaximumValue>1990-01-01T07:00:00.000Z</ows:MaximumValue>
                </ows:AllowedValues>
            </ows:Parameter>
            <ows:Parameter name="responseFormat" use="required">
                <ows:AllowedValues>
                    <ows:Value>text/xml;subtype="om/1.0.0"</ows:Value>
                </ows:AllowedValues>
            </ows:Parameter>
        </ows:Operation>
        <ows:Operation name="DescribeSensor">
            <ows:DCP>
                <ows:HTTP>
                    <ows:Get/>
                </ows:HTTP>
            </ows:DCP>
            <ows:Parameter name="procedure" use="required">
                <ows:AllowedValues>
                    <ows:Value>urn:tds:network:all</ows:Value>
                    <ows:Value>urn:tds:station.sos:Trajectory0</ows:Value>
                    <ows:Value>urn:tds:sensor.sos:Trajectory0:time</ows:Value>
                    <ows:Value>urn:tds:sensor.sos:Trajectory0:temperature</ows:Value>
                    <ows:Value>urn:tds:sensor.sos:Trajectory0:salinity</ows:Value>
                    <ows:Value>urn:tds:sensor.sos:Trajectory0:alt</ows:Value>
                    <ows:Value>urn:tds:station.sos:Trajectory1</ows:Value>
                    <ows:Value>urn:tds:sensor.sos:Trajectory1:time</ows:Value>
                    <ows:Value>urn:tds:sensor.sos:Trajectory1:temperature</ows:Value>
                    <ows:Value>urn:tds:sensor.sos:Trajectory1:salinity</ows:Value>
                    <ows:Value>urn:tds:sensor.sos:Trajectory1:alt</ows:Value>
                    <ows:Value>urn:tds:station.sos:Trajectory2</ows:Value>
                    <ows:Value>urn:tds:sensor.sos:Trajectory2:time</ows:Value>
                    <ows:Value>urn:tds:sensor.sos:Trajectory2:temperature</ows:Value>
                    <ows:Value>urn:tds:sensor.sos:Trajectory2:salinity</ows:Value>
                    <ows:Value>urn:tds:sensor.sos:Trajectory2:alt</ows:Value>
                    <ows:Value>urn:tds:station.sos:Trajectory3</ows:Value>
                    <ows:Value>urn:tds:sensor.sos:Trajectory3:time</ows:Value>
                    <ows:Value>urn:tds:sensor.sos:Trajectory3:temperature</ows:Value>
                    <ows:Value>urn:tds:sensor.sos:Trajectory3:salinity</ows:Value>
                    <ows:Value>urn:tds:sensor.sos:Trajectory3:alt</ows:Value>
                    <ows:Value>urn:tds:station.sos:Trajectory4</ows:Value>
                    <ows:Value>urn:tds:sensor.sos:Trajectory4:time</ows:Value>
                    <ows:Value>urn:tds:sensor.sos:Trajectory4:temperature</ows:Value>
                    <ows:Value>urn:tds:sensor.sos:Trajectory4:salinity</ows:Value>
                    <ows:Value>urn:tds:sensor.sos:Trajectory4:alt</ows:Value>
                    <ows:Value>urn:tds:station.sos:Trajectory5</ows:Value>
                    <ows:Value>urn:tds:sensor.sos:Trajectory5:time</ows:Value>
                    <ows:Value>urn:tds:sensor.sos:Trajectory5:temperature</ows:Value>
                    <ows:Value>urn:tds:sensor.sos:Trajectory5:salinity</ows:Value>
                    <ows:Value>urn:tds:sensor.sos:Trajectory5:alt</ows:Value>
                </ows:AllowedValues>
            </ows:Parameter>
            <ows:Parameter name="responseformat" use="required">
                <ows:AllowedValues>
                    <ows:Value>text/xml;subtype="sensorML/1.0.1"</ows:Value>
                </ows:AllowedValues>
            </ows:Parameter>
        </ows:Operation>
        <ows:Parameter name="service" use="required">
            <ows:AllowedValues>
                <ows:Value>SOS</ows:Value>
            </ows:AllowedValues>
        </ows:Parameter>
        <ows:Parameter name="version" use="required">
            <ows:AllowedValues>
                <ows:Value>1.0.0</ows:Value>
            </ows:AllowedValues>
        </ows:Parameter>
    </ows:OperationsMetadata>
    <!--~~~~~~~~~~~~~~~~~~~~~~~-->
    <!-- Observation Offerings -->
    <!--~~~~~~~~~~~~~~~~~~~~~~~-->
    <Contents>
        <ObservationOfferingList>
            <ObservationOffering gml:id="network-all">
                <gml:description>All stations in the netCDF dataset.</gml:description>
                <gml:name>urn:tds:network:all</gml:name>
                <gml:srsName>EPSG:4326</gml:srsName>
                <gml:boundedBy>
                    <gml:Envelope srsName="http://www.opengis.net/def/crs/EPSG/0/4326">
                        <gml:lowerCorner>0.8920255899429321 -71.64488220214844</gml:lowerCorner>
                        <gml:upperCorner>44.54783248901367 -0.9158166646957397</gml:upperCorner>
                    </gml:Envelope>
                </gml:boundedBy>
                <time>
                    <gml:TimePeriod xsi:type="gml:TimePeriodType">
                        <gml:beginPosition>1990-01-01T00:00:00.000Z</gml:beginPosition>
                        <gml:endPosition>1990-01-01T07:00:00.000Z</gml:endPosition>
                    </gml:TimePeriod>
                </time>
                <procedure xlink:href="urn:tds:station.sos:Trajectory0"/>
                <procedure xlink:href="urn:tds:station.sos:Trajectory1"/>
                <procedure xlink:href="urn:tds:station.sos:Trajectory2"/>
                <procedure xlink:href="urn:tds:station.sos:Trajectory3"/>
                <procedure xlink:href="urn:tds:station.sos:Trajectory4"/>
                <procedure xlink:href="urn:tds:station.sos:Trajectory5"/>
                <observedProperty xlink:href="time"/>
                <observedProperty xlink:href="temperature"/>
                <observedProperty xlink:href="salinity"/>
                <observedProperty xlink:href="alt"/>
                <responseFormat>text/xml; subtype="om/1.0.0"</responseFormat>
                <responseModel/>
                <responseMode/>
            </ObservationOffering>
            <ObservationOffering gml:id="Trajectory0">
                <gml:name>urn:tds:station.sos:Trajectory0</gml:name>
                <gml:srsName>EPSG:4326</gml:srsName>
                <gml:boundedBy>
                    <gml:Envelope srsName="http://www.opengis.net/def/crs/EPSG/0/4326">
                        <gml:lowerCorner>3.5440261363983154 -64.6443862915039</gml:lowerCorner>
                        <gml:upperCorner>35.42259216308594 -13.773795127868652</gml:upperCorner>
                    </gml:Envelope>
                </gml:boundedBy>
                <time>
                    <gml:TimePeriod xsi:type="gml:TimePeriodType">
                        <gml:beginPosition>1990-01-01T00:00:00.000Z</gml:beginPosition>
                        <gml:endPosition>1990-01-01T06:00:00.000Z</gml:endPosition>
                    </gml:TimePeriod>
                </time>
                <featureOfInterest xlink:href="Trajectory0"/>
                <observedProperty xlink:href="time"/>
                <observedProperty xlink:href="temperature"/>
                <observedProperty xlink:href="salinity"/>
                <observedProperty xlink:href="alt"/>
                <procedure xlink:href="urn:tds:sensor.sos:Trajectory0:time"/>
                <procedure xlink:href="urn:tds:sensor.sos:Trajectory0:temperature"/>
                <procedure xlink:href="urn:tds:sensor.sos:Trajectory0:salinity"/>
                <procedure xlink:href="urn:tds:sensor.sos:Trajectory0:alt"/>
                <responseFormat>text/xml; subtype="om/1.0.0"</responseFormat>
                <responseModel>om:ObservationCollection</responseModel>
                <responseMode>inline</responseMode>
            </ObservationOffering>
            <ObservationOffering gml:id="Trajectory1">
                <gml:name>urn:tds:station.sos:Trajectory1</gml:name>
                <gml:srsName>EPSG:4326</gml:srsName>
                <gml:boundedBy>
                    <gml:Envelope srsName="http://www.opengis.net/def/crs/EPSG/0/4326">
                        <gml:lowerCorner>5.656859874725342 -71.64488220214844</gml:lowerCorner>
                        <gml:upperCorner>41.65167999267578 -4.581541061401367</gml:upperCorner>
                    </gml:Envelope>
                </gml:boundedBy>
                <time>
                    <gml:TimePeriod xsi:type="gml:TimePeriodType">
                        <gml:beginPosition>1990-01-01T00:00:00.000Z</gml:beginPosition>
                        <gml:endPosition>1990-01-01T05:00:00.000Z</gml:endPosition>
                    </gml:TimePeriod>
                </time>
                <featureOfInterest xlink:href="Trajectory1"/>
                <observedProperty xlink:href="time"/>
                <observedProperty xlink:href="temperature"/>
                <observedProperty xlink:href="salinity"/>
                <observedProperty xlink:href="alt"/>
                <procedure xlink:href="urn:tds:sensor.sos:Trajectory1:time"/>
                <procedure xlink:href="urn:tds:sensor.sos:Trajectory1:temperature"/>
                <procedure xlink:href="urn:tds:sensor.sos:Trajectory1:salinity"/>
                <procedure xlink:href="urn:tds:sensor.sos:Trajectory1:alt"/>
                <responseFormat>text/xml; subtype="om/1.0.0"</responseFormat>
                <responseModel>om:ObservationCollection</responseModel>
                <responseMode>inline</responseMode>
            </ObservationOffering>
            <ObservationOffering gml:id="Trajectory2">
                <gml:name>urn:tds:station.sos:Trajectory2</gml:name>
                <gml:srsName>EPSG:4326</gml:srsName>
                <gml:boundedBy>
                    <gml:Envelope srsName="http://www.opengis.net/def/crs/EPSG/0/4326">
                        <gml:lowerCorner>0.8920255899429321 -70.85932922363281</gml:lowerCorner>
                        <gml:upperCorner>42.09935760498047 -6.60825252532959</gml:upperCorner>
                    </gml:Envelope>
                </gml:boundedBy>
                <time>
                    <gml:TimePeriod xsi:type="gml:TimePeriodType">
                        <gml:beginPosition>1990-01-01T00:00:00.000Z</gml:beginPosition>
                        <gml:endPosition>1990-01-01T06:00:00.000Z</gml:endPosition>
                    </gml:TimePeriod>
                </time>
                <featureOfInterest xlink:href="Trajectory2"/>
                <observedProperty xlink:href="time"/>
                <observedProperty xlink:href="temperature"/>
                <observedProperty xlink:href="salinity"/>
                <observedProperty xlink:href="alt"/>
                <procedure xlink:href="urn:tds:sensor.sos:Trajectory2:time"/>
                <procedure xlink:href="urn:tds:sensor.sos:Trajectory2:temperature"/>
                <procedure xlink:href="urn:tds:sensor.sos:Trajectory2:salinity"/>
                <procedure xlink:href="urn:tds:sensor.sos:Trajectory2:alt"/>
                <responseFormat>text/xml; subtype="om/1.0.0"</responseFormat>
                <responseModel>om:ObservationCollection</responseModel>
                <responseMode>inline</responseMode>
            </ObservationOffering>
            <ObservationOffering gml:id="Trajectory3">
                <gml:name>urn:tds:station.sos:Trajectory3</gml:name>
                <gml:srsName>EPSG:4326</gml:srsName>
                <gml:boundedBy>
                    <gml:Envelope srsName="http://www.opengis.net/def/crs/EPSG/0/4326">
                        <gml:lowerCorner>16.195266723632812 -7.6103835105896</gml:lowerCorner>
                        <gml:upperCorner>34.77362060546875 -0.9158166646957397</gml:upperCorner>
                    </gml:Envelope>
                </gml:boundedBy>
                <time>
                    <gml:TimePeriod xsi:type="gml:TimePeriodType">
                        <gml:beginPosition>1990-01-01T00:00:00.000Z</gml:beginPosition>
                        <gml:endPosition>1990-01-01T01:00:00.000Z</gml:endPosition>
                    </gml:TimePeriod>
                </time>
                <featureOfInterest xlink:href="Trajectory3"/>
                <observedProperty xlink:href="time"/>
                <observedProperty xlink:href="temperature"/>
                <observedProperty xlink:href="salinity"/>
                <observedProperty xlink:href="alt"/>
                <procedure xlink:href="urn:tds:sensor.sos:Trajectory3:time"/>
                <procedure xlink:href="urn:tds:sensor.sos:Trajectory3:temperature"/>
                <procedure xlink:href="urn:tds:sensor.sos:Trajectory3:salinity"/>
                <procedure xlink:href="urn:tds:sensor.sos:Trajectory3:alt"/>
                <responseFormat>text/xml; subtype="om/1.0.0"</responseFormat>
                <responseModel>om:ObservationCollection</responseModel>
                <responseMode>inline</responseMode>
            </ObservationOffering>
            <ObservationOffering gml:id="Trajectory4">
                <gml:name>urn:tds:station.sos:Trajectory4</gml:name>
                <gml:srsName>EPSG:4326</gml:srsName>
                <gml:boundedBy>
                    <gml:Envelope srsName="http://www.opengis.net/def/crs/EPSG/0/4326">
                        <gml:lowerCorner>1.462846279144287 -66.27335357666016</gml:lowerCorner>
                        <gml:upperCorner>42.54350280761719 -4.636869430541992</gml:upperCorner>
                    </gml:Envelope>
                </gml:boundedBy>
                <time>
                    <gml:TimePeriod xsi:type="gml:TimePeriodType">
                        <gml:beginPosition>1990-01-01T00:00:00.000Z</gml:beginPosition>
                        <gml:endPosition>1990-01-01T07:00:00.000Z</gml:endPosition>
                    </gml:TimePeriod>
                </time>
                <featureOfInterest xlink:href="Trajectory4"/>
                <observedProperty xlink:href="time"/>
                <observedProperty xlink:href="temperature"/>
                <observedProperty xlink:href="salinity"/>
                <observedProperty xlink:href="alt"/>
                <procedure xlink:href="urn:tds:sensor.sos:Trajectory4:time"/>
                <procedure xlink:href="urn:tds:sensor.sos:Trajectory4:temperature"/>
                <procedure xlink:href="urn:tds:sensor.sos:Trajectory4:salinity"/>
                <procedure xlink:href="urn:tds:sensor.sos:Trajectory4:alt"/>
                <responseFormat>text/xml; subtype="om/1.0.0"</responseFormat>
                <responseModel>om:ObservationCollection</responseModel>
                <responseMode>inline</responseMode>
            </ObservationOffering>
            <ObservationOffering gml:id="Trajectory5">
                <gml:name>urn:tds:station.sos:Trajectory5</gml:name>
                <gml:srsName>EPSG:4326</gml:srsName>
                <gml:boundedBy>
                    <gml:Envelope srsName="http://www.opengis.net/def/crs/EPSG/0/4326">
                        <gml:lowerCorner>6.93269157409668 -65.63434600830078</gml:lowerCorner>
                        <gml:upperCorner>44.54783248901367 -5.0322957038879395</gml:upperCorner>
                    </gml:Envelope>
                </gml:boundedBy>
                <time>
                    <gml:TimePeriod xsi:type="gml:TimePeriodType">
                        <gml:beginPosition>1990-01-01T00:00:00.000Z</gml:beginPosition>
                        <gml:endPosition>1990-01-01T04:00:00.000Z</gml:endPosition>
                    </gml:TimePeriod>
                </time>
                <featureOfInterest xlink:href="Trajectory5"/>
                <observedProperty xlink:href="time"/>
                <observedProperty xlink:href="temperature"/>
                <observedProperty xlink:href="salinity"/>
                <observedProperty xlink:href="alt"/>
                <procedure xlink:href="urn:tds:sensor.sos:Trajectory5:time"/>
                <procedure xlink:href="urn:tds:sensor.sos:Trajectory5:temperature"/>
                <procedure xlink:href="urn:tds:sensor.sos:Trajectory5:salinity"/>
                <procedure xlink:href="urn:tds:sensor.sos:Trajectory5:alt"/>
                <responseFormat>text/xml; subtype="om/1.0.0"</responseFormat>
                <responseModel>om:ObservationCollection</responseModel>
                <responseMode>inline</responseMode>
            </ObservationOffering>
        </ObservationOfferingList>
    </Contents>
</Capabilities>
