<?xml version="1.0" encoding="UTF-8"?>
<Capabilities version="1.0.0" xmlns="http://www.opengis.net/sos/1.0"
    xmlns:gml="http://www.opengis.net/gml"
    xmlns:oost="http://www.oostethys.org/schemas/0.1.0/oostethys"
    xmlns:ows="http://www.opengis.net/ows/1.1"
    xmlns:swe="http://www.opengis.net/swe/1.0.1"
    xmlns:xlink="http://www.w3.org/1999/xlink"
    xmlns:xsi="http://www.w3.org/2001/XMLSchema-instance" xsi:schemaLocation="http://www.opengis.net/sos/1.0 http://schemas.opengis.net/sos/1.0.0/sosGetCapabilities.xsd">
    <!--~~~~~~~~~~~~~~~~~~~~~~~~-->
    <!-- Service Identification -->
    <!--~~~~~~~~~~~~~~~~~~~~~~~~-->
    <ows:ServiceIdentification>
        <ows:Title>Data collected from Cordell Bank, California, USA, by CBNMS and BML</ows:Title>
        <ows:Abstract>National Marine Sanctuary Program (NMS), Cordell Bank National Marine Sanctuary (CBNMS) and Bodega Marine Laboratory, University of California Davis</ows:Abstract>
        <ows:Keywords>
            <ows:Keyword/>
        </ows:Keywords>
        <ows:ServiceType codeSpace="http://opengeospatial.net">OGC:SOS</ows:ServiceType>
        <ows:ServiceTypeVersion>1.0.0</ows:ServiceTypeVersion>
        <ows:Fees>NONE</ows:Fees>
        <ows:AccessConstraints>NONE</ows:AccessConstraints>
    </ows:ServiceIdentification>
    <!--~~~~~~~~~~~~~~~~~~~~~~-->
    <!-- Provider Description -->
    <!--~~~~~~~~~~~~~~~~~~~~~~-->
    <ows:ServiceProvider>
        <ows:ProviderName>moored platform observation - fixed altitude</ows:ProviderName>
        <ows:ProviderSite>http://www.nodc.noaa.gov/</ows:ProviderSite>
        <ows:ServiceContact>
            <ows:IndividualName/>
            <ows:PositionName/>
            <ows:ContactInfo>
                <ows:Phone>
                    <ows:Voice/>
                </ows:Phone>
                <ows:Address>
                    <ows:DeliveryPoint/>
                    <ows:City/>
                    <ows:AdministrativeArea/>
                    <ows:PostalCode/>
                    <ows:Country/>
                    <ows:ElectronicMailAddress/>
                </ows:Address>
            </ows:ContactInfo>
        </ows:ServiceContact>
    </ows:ServiceProvider>
    <!--~~~~~~~~~~~~~~~~~~~~~~~~~~~~~-->
    <!-- operations Metadata Section -->
    <!--~~~~~~~~~~~~~~~~~~~~~~~~~~~~~-->
    <ows:OperationsMetadata>
        <ows:Operation name="GetCapabilities">
            <ows:DCP>
                <ows:HTTP>
                    <ows:Get xlink:href="C:/Users/scowan/Projects/maven/ncSOS/resources/datasets/nodc/BodegaMarineLabBuoy.nc"/>
                </ows:HTTP>
            </ows:DCP>
            <ows:Parameter name="Sections">
                <ows:AllowedValues>
                    <ows:Value>ServiceIdentification</ows:Value>
                    <ows:Value>ServiceProvider</ows:Value>
                    <ows:Value>OperationsMetadata</ows:Value>
                    <ows:Value>Contents</ows:Value>
                    <ows:Value>All</ows:Value>
                </ows:AllowedValues>
            </ows:Parameter>
        </ows:Operation>
        <ows:Operation name="GetObservation">
            <ows:DCP>
                <ows:HTTP>
                    <ows:Get xlink:href="C:/Users/scowan/Projects/maven/ncSOS/resources/datasets/nodc/BodegaMarineLabBuoy.nc"/>
                </ows:HTTP>
            </ows:DCP>
            <ows:Parameter name="offering" use="required">
                <ows:AllowedValues>
                    <ows:Value>network-all</ows:Value>
                    <ows:Value>CordellBankBuoy</ows:Value>
                </ows:AllowedValues>
            </ows:Parameter>
            <ows:Parameter name="observedProperty" use="required">
                <ows:AllowedValues>
                    <ows:value>temperature</ows:value>
                    <ows:value>salinity</ows:value>
                    <ows:value>density</ows:value>
                    <ows:value>conductivity</ows:value>
                    <ows:value>temperature_qc</ows:value>
                    <ows:value>salinity_qc</ows:value>
                    <ows:value>density_qc</ows:value>
                    <ows:value>conductivity_qc</ows:value>
                    <ows:value>time</ows:value>
                </ows:AllowedValues>
            </ows:Parameter>
            <ows:Parameter name="eventTime" use="optional">
                <ows:AllowedValues>
                    <ows:Range/>
                    <ows:MinimumValue>140835-01-26T00:00:00.000Z</ows:MinimumValue>
                    <ows:MaximumValue>141267-12-09T12:00:00.000Z</ows:MaximumValue>
                </ows:AllowedValues>
            </ows:Parameter>
            <ows:Parameter name="responseFormat" use="required">
                <ows:AllowedValues>
                    <ows:Value>text/xml;subtype="om/1.0.0"</ows:Value>
                </ows:AllowedValues>
            </ows:Parameter>
        </ows:Operation>
        <ows:Operation name="DescribeSensor">
            <ows:DCP>
                <ows:HTTP>
                    <ows:Get/>
                </ows:HTTP>
            </ows:DCP>
            <ows:Parameter name="procedure" use="required">
                <ows:AllowedValues>
                    <ows:Value>urn:tds:network:all</ows:Value>
                    <ows:Value>urn:tds:station.sos:CordellBankBuoy</ows:Value>
                    <ows:Value>urn:tds:sensor.sos:CordellBankBuoy:temperature</ows:Value>
                    <ows:Value>urn:tds:sensor.sos:CordellBankBuoy:salinity</ows:Value>
                    <ows:Value>urn:tds:sensor.sos:CordellBankBuoy:density</ows:Value>
                    <ows:Value>urn:tds:sensor.sos:CordellBankBuoy:conductivity</ows:Value>
                    <ows:Value>urn:tds:sensor.sos:CordellBankBuoy:temperature_qc</ows:Value>
                    <ows:Value>urn:tds:sensor.sos:CordellBankBuoy:salinity_qc</ows:Value>
                    <ows:Value>urn:tds:sensor.sos:CordellBankBuoy:density_qc</ows:Value>
                    <ows:Value>urn:tds:sensor.sos:CordellBankBuoy:conductivity_qc</ows:Value>
                    <ows:Value>urn:tds:sensor.sos:CordellBankBuoy:time</ows:Value>
                </ows:AllowedValues>
            </ows:Parameter>
            <ows:Parameter name="responseformat" use="required">
                <ows:AllowedValues>
                    <ows:Value>text/xml;subtype="sensorML/1.0.1"</ows:Value>
                </ows:AllowedValues>
            </ows:Parameter>
        </ows:Operation>
        <ows:Parameter name="service" use="required">
            <ows:AllowedValues>
                <ows:Value>SOS</ows:Value>
            </ows:AllowedValues>
        </ows:Parameter>
        <ows:Parameter name="version" use="required">
            <ows:AllowedValues>
                <ows:Value>1.0.0</ows:Value>
            </ows:AllowedValues>
        </ows:Parameter>
    </ows:OperationsMetadata>
    <!--~~~~~~~~~~~~~~~~~~~~~~~-->
    <!-- Observation Offerings -->
    <!--~~~~~~~~~~~~~~~~~~~~~~~-->
    <Contents>
        <ObservationOfferingList>
            <ObservationOffering gml:id="network-all">
                <gml:description>All stations in the netCDF dataset.</gml:description>
                <gml:name>urn:tds:network:all</gml:name>
                <gml:srsName>EPSG:4326</gml:srsName>
                <gml:boundedBy>
                    <gml:Envelope srsName="http://www.opengis.net/def/crs/EPSG/0/4326">
                        <gml:lowerCorner>38.04880142211914 -123.45800018310547</gml:lowerCorner>
                        <gml:upperCorner>38.048901422119144 -123.45790018310547</gml:upperCorner>
                    </gml:Envelope>
                </gml:boundedBy>
                <time>
                    <gml:TimePeriod xsi:type="gml:TimePeriodType">
                        <gml:beginPosition>140835-01-26T00:00:00.000Z</gml:beginPosition>
                        <gml:endPosition>141267-12-09T12:00:00.000Z</gml:endPosition>
                    </gml:TimePeriod>
                </time>
                <procedure xlink:href="urn:tds:station.sos:CordellBankBuoy"/>
                <observedProperty xlink:href="temperature"/>
                <observedProperty xlink:href="salinity"/>
                <observedProperty xlink:href="density"/>
                <observedProperty xlink:href="conductivity"/>
                <observedProperty xlink:href="temperature_qc"/>
                <observedProperty xlink:href="salinity_qc"/>
                <observedProperty xlink:href="density_qc"/>
                <observedProperty xlink:href="conductivity_qc"/>
                <observedProperty xlink:href="time"/>
                <responseFormat>text/xml; subtype="om/1.0.0"</responseFormat>
                <responseModel/>
                <responseMode/>
            </ObservationOffering>
            <ObservationOffering gml:id="CordellBankBuoy">
                <gml:name>urn:tds:station.sos:CordellBankBuoy</gml:name>
                <gml:srsName>EPSG:4326</gml:srsName>
                <gml:boundedBy>
                    <gml:Envelope srsName="http://www.opengis.net/def/crs/EPSG/0/4326">
                        <gml:lowerCorner>38.04880142211914 -123.45800018310547</gml:lowerCorner>
                        <gml:upperCorner>38.048901422119144 -123.45790018310547</gml:upperCorner>
                    </gml:Envelope>
                </gml:boundedBy>
                <time>
                    <gml:TimePeriod xsi:type="gml:TimePeriodType">
                        <gml:beginPosition>140835-01-26T00:00:00.000Z</gml:beginPosition>
                        <gml:endPosition>141267-12-09T12:00:00.000Z</gml:endPosition>
                    </gml:TimePeriod>
                </time>
                <featureOfInterest xlink:href="CordellBankBuoy"/>
                <observedProperty xlink:href="temperature"/>
                <observedProperty xlink:href="salinity"/>
                <observedProperty xlink:href="density"/>
                <observedProperty xlink:href="conductivity"/>
                <observedProperty xlink:href="temperature_qc"/>
                <observedProperty xlink:href="salinity_qc"/>
                <observedProperty xlink:href="density_qc"/>
                <observedProperty xlink:href="conductivity_qc"/>
                <observedProperty xlink:href="time"/>
                <procedure xlink:href="urn:tds:sensor.sos:CordellBankBuoy:temperature"/>
                <procedure xlink:href="urn:tds:sensor.sos:CordellBankBuoy:salinity"/>
                <procedure xlink:href="urn:tds:sensor.sos:CordellBankBuoy:density"/>
                <procedure xlink:href="urn:tds:sensor.sos:CordellBankBuoy:conductivity"/>
                <procedure xlink:href="urn:tds:sensor.sos:CordellBankBuoy:temperature_qc"/>
                <procedure xlink:href="urn:tds:sensor.sos:CordellBankBuoy:salinity_qc"/>
                <procedure xlink:href="urn:tds:sensor.sos:CordellBankBuoy:density_qc"/>
                <procedure xlink:href="urn:tds:sensor.sos:CordellBankBuoy:conductivity_qc"/>
                <procedure xlink:href="urn:tds:sensor.sos:CordellBankBuoy:time"/>
                <responseFormat>text/xml; subtype="om/1.0.0"</responseFormat>
                <responseModel>om:ObservationCollection</responseModel>
                <responseMode>inline</responseMode>
            </ObservationOffering>
        </ObservationOfferingList>
    </Contents>
</Capabilities>
