<?xml version="1.0" encoding="UTF-8"?>
<Capabilities version="1.0.0" xmlns="http://www.opengis.net/sos/1.0"
    xmlns:gml="http://www.opengis.net/gml"
    xmlns:oost="http://www.oostethys.org/schemas/0.1.0/oostethys"
    xmlns:ows="http://www.opengis.net/ows/1.1"
    xmlns:swe="http://www.opengis.net/swe/1.0.1"
    xmlns:xlink="http://www.w3.org/1999/xlink"
    xmlns:xsi="http://www.w3.org/2001/XMLSchema-instance" xsi:schemaLocation="http://www.opengis.net/sos/1.0 http://schemas.opengis.net/sos/1.0.0/sosGetCapabilities.xsd">
    <!--~~~~~~~~~~~~~~~~~~~~~~~~-->
    <!-- Service Identification -->
    <!--~~~~~~~~~~~~~~~~~~~~~~~~-->
    <ows:ServiceIdentification>
        <ows:Title>Temperature and conductivity data collected from five Seacat sensors from a mooring as part of the Massachusetts Bay Internal Wave Experiment from 1998-08-05 to 1998-09-01</ows:Title>
        <ows:Abstract>U.S.Geological Survey, Woods Hole Coastal and Marine Science Center</ows:Abstract>
        <ows:Keywords>
            <ows:Keyword/>
        </ows:Keywords>
        <ows:ServiceType codeSpace="http://opengeospatial.net">OGC:SOS</ows:ServiceType>
        <ows:ServiceTypeVersion>1.0.0</ows:ServiceTypeVersion>
        <ows:Fees>NONE</ows:Fees>
        <ows:AccessConstraints/>
    </ows:ServiceIdentification>
    <!--~~~~~~~~~~~~~~~~~~~~~~-->
    <!-- Provider Description -->
    <!--~~~~~~~~~~~~~~~~~~~~~~-->
    <ows:ServiceProvider>
        <ows:ProviderName>WHOI Upper Ocean Proc Grp</ows:ProviderName>
        <ows:ProviderSite>http://www.nodc.noaa.gov/</ows:ProviderSite>
        <ows:ServiceContact>
            <ows:IndividualName/>
            <ows:PositionName/>
            <ows:ContactInfo>
                <ows:Phone>
                    <ows:Voice/>
                </ows:Phone>
                <ows:Address>
                    <ows:DeliveryPoint/>
                    <ows:City/>
                    <ows:AdministrativeArea/>
                    <ows:PostalCode/>
                    <ows:Country/>
                    <ows:ElectronicMailAddress/>
                </ows:Address>
            </ows:ContactInfo>
        </ows:ServiceContact>
    </ows:ServiceProvider>
    <!--~~~~~~~~~~~~~~~~~~~~~~~~~~~~~-->
    <!-- operations Metadata Section -->
    <!--~~~~~~~~~~~~~~~~~~~~~~~~~~~~~-->
    <ows:OperationsMetadata>
        <ows:Operation name="GetCapabilities">
            <ows:DCP>
                <ows:HTTP>
                    <ows:Get xlink:href="C:/Users/scowan/Projects/maven/ncSOS/resources/datasets/nodc/usgs_internal_wave_timeSeries.nc"/>
                </ows:HTTP>
            </ows:DCP>
            <ows:Parameter name="Sections">
                <ows:AllowedValues>
                    <ows:Value>ServiceIdentification</ows:Value>
                    <ows:Value>ServiceProvider</ows:Value>
                    <ows:Value>OperationsMetadata</ows:Value>
                    <ows:Value>Contents</ows:Value>
                    <ows:Value>All</ows:Value>
                </ows:AllowedValues>
            </ows:Parameter>
        </ows:Operation>
        <ows:Operation name="GetObservation">
            <ows:DCP>
                <ows:HTTP>
                    <ows:Get xlink:href="C:/Users/scowan/Projects/maven/ncSOS/resources/datasets/nodc/usgs_internal_wave_timeSeries.nc"/>
                </ows:HTTP>
            </ows:DCP>
            <ows:Parameter name="offering" use="required">
                <ows:AllowedValues>
                    <ows:Value>network-all</ows:Value>
                    <ows:Value>-2147483647</ows:Value>
                </ows:AllowedValues>
            </ows:Parameter>
            <ows:Parameter name="observedProperty" use="required">
                <ows:AllowedValues>
                    <ows:value>instrument_2</ows:value>
                    <ows:value>T_20</ows:value>
                    <ows:value>C_51</ows:value>
                    <ows:value>S_40</ows:value>
                    <ows:value>STH_71</ows:value>
                </ows:AllowedValues>
            </ows:Parameter>
            <ows:Parameter name="eventTime" use="optional">
                <ows:AllowedValues>
                    <ows:Range/>
                    <ows:MinimumValue>1998-08-05T14:46:00.000Z</ows:MinimumValue>
                    <ows:MaximumValue>1998-08-05T14:46:00.000Z</ows:MaximumValue>
                </ows:AllowedValues>
            </ows:Parameter>
            <ows:Parameter name="responseFormat" use="required">
                <ows:AllowedValues>
                    <ows:Value>text/xml;subtype="om/1.0.0"</ows:Value>
                </ows:AllowedValues>
            </ows:Parameter>
        </ows:Operation>
        <ows:Operation name="DescribeSensor">
            <ows:DCP>
                <ows:HTTP>
                    <ows:Get/>
                </ows:HTTP>
            </ows:DCP>
            <ows:Parameter name="procedure" use="required">
                <ows:AllowedValues>
                    <ows:Value>urn:tds:network:all</ows:Value>
                    <ows:Value>urn:tds:station.sos:-2147483647</ows:Value>
                    <ows:Value>urn:tds:sensor.sos:-2147483647:instrument_2</ows:Value>
                    <ows:Value>urn:tds:sensor.sos:-2147483647:T_20</ows:Value>
                    <ows:Value>urn:tds:sensor.sos:-2147483647:C_51</ows:Value>
                    <ows:Value>urn:tds:sensor.sos:-2147483647:S_40</ows:Value>
                    <ows:Value>urn:tds:sensor.sos:-2147483647:STH_71</ows:Value>
                </ows:AllowedValues>
            </ows:Parameter>
            <ows:Parameter name="responseformat" use="required">
                <ows:AllowedValues>
                    <ows:Value>text/xml;subtype="sensorML/1.0.1"</ows:Value>
                </ows:AllowedValues>
            </ows:Parameter>
        </ows:Operation>
        <ows:Parameter name="service" use="required">
            <ows:AllowedValues>
                <ows:Value>SOS</ows:Value>
            </ows:AllowedValues>
        </ows:Parameter>
        <ows:Parameter name="version" use="required">
            <ows:AllowedValues>
                <ows:Value>1.0.0</ows:Value>
            </ows:AllowedValues>
        </ows:Parameter>
    </ows:OperationsMetadata>
    <!--~~~~~~~~~~~~~~~~~~~~~~~-->
    <!-- Observation Offerings -->
    <!--~~~~~~~~~~~~~~~~~~~~~~~-->
    <Contents>
        <ObservationOfferingList>
            <ObservationOffering gml:id="network-all">
                <gml:description>All stations in the netCDF dataset.</gml:description>
                <gml:name>urn:tds:network:all</gml:name>
                <gml:srsName>EPSG:4326</gml:srsName>
                <gml:boundedBy>
                    <gml:Envelope srsName="http://www.opengis.net/def/crs/EPSG/0/4326">
                        <gml:lowerCorner>42.3315 -70.3913</gml:lowerCorner>
                        <gml:upperCorner>42.332499999999996 -70.3903</gml:upperCorner>
                    </gml:Envelope>
                </gml:boundedBy>
                <time>
                    <gml:TimePeriod xsi:type="gml:TimePeriodType">
                        <gml:beginPosition>1998-08-05T14:46:00.000Z</gml:beginPosition>
                        <gml:endPosition>1998-08-05T14:46:00.000Z</gml:endPosition>
                    </gml:TimePeriod>
                </time>
                <procedure xlink:href="urn:tds:station.sos:-2147483647"/>
                <observedProperty xlink:href="instrument_2"/>
                <observedProperty xlink:href="T_20"/>
                <observedProperty xlink:href="C_51"/>
                <observedProperty xlink:href="S_40"/>
                <observedProperty xlink:href="STH_71"/>
                <responseFormat>text/xml; subtype="om/1.0.0"</responseFormat>
                <responseModel/>
                <responseMode/>
            </ObservationOffering>
            <ObservationOffering gml:id="-2147483647">
                <gml:name>urn:tds:station.sos:-2147483647</gml:name>
                <gml:srsName>EPSG:4326</gml:srsName>
                <gml:boundedBy>
                    <gml:Envelope srsName="http://www.opengis.net/def/crs/EPSG/0/4326">
                        <gml:lowerCorner>42.3315 -70.3913</gml:lowerCorner>
                        <gml:upperCorner>42.332499999999996 -70.3903</gml:upperCorner>
                    </gml:Envelope>
                </gml:boundedBy>
                <time>
                    <gml:TimePeriod xsi:type="gml:TimePeriodType">
                        <gml:beginPosition>1998-08-05T14:46:00.000Z</gml:beginPosition>
                        <gml:endPosition>1998-08-05T14:46:00.000Z</gml:endPosition>
                    </gml:TimePeriod>
                </time>
                <featureOfInterest xlink:href="-2147483647"/>
                <observedProperty xlink:href="instrument_2"/>
                <observedProperty xlink:href="T_20"/>
                <observedProperty xlink:href="C_51"/>
                <observedProperty xlink:href="S_40"/>
                <observedProperty xlink:href="STH_71"/>
                <procedure xlink:href="urn:tds:sensor.sos:-2147483647:instrument_2"/>
                <procedure xlink:href="urn:tds:sensor.sos:-2147483647:T_20"/>
                <procedure xlink:href="urn:tds:sensor.sos:-2147483647:C_51"/>
                <procedure xlink:href="urn:tds:sensor.sos:-2147483647:S_40"/>
                <procedure xlink:href="urn:tds:sensor.sos:-2147483647:STH_71"/>
                <responseFormat>text/xml; subtype="om/1.0.0"</responseFormat>
                <responseModel>om:ObservationCollection</responseModel>
                <responseMode>inline</responseMode>
            </ObservationOffering>
        </ObservationOfferingList>
    </Contents>
</Capabilities>
