<?xml version="1.0" encoding="UTF-8"?>
<om:ObservationCollection gml:id="GML_ID_NAME"
    xmlns:gml="http://www.opengis.net/gml"
    xmlns:om="http://www.opengis.net/om/1.0"
    xmlns:swe="http://www.opengis.net/swe/1.0"
    xmlns:xlink="http://www.w3.org/1999/xlink"
    xmlns:xsi="http://www.w3.org/2001/XMLSchema-instance" xsi:schemaLocation="http://www.opengis.net/om/1.0 http://schemas.opengis.net/om/1.0.0/observation.xsd">
    <gml:description>empty description</gml:description>
    <gml:name>Sea Surface Temperature Analysis Model</gml:name>
    <gml:boundedBy>
        <gml:Envelope srsName="EPSG:4326">
            <!-- overwrite these with your actual offering ROI -->
            <gml:lowerCorner>-90.0 -180.0 0.0</gml:lowerCorner>
            <gml:upperCorner>90.0 180.0 0.0</gml:upperCorner>
        </gml:Envelope>
    </gml:boundedBy>
    <om:member>
        <om:Observation>
            <gml:description>empty description</gml:description>
            <gml:name>Sea Surface Temperature Analysis Model</gml:name>
            <gml:boundedBy>
                <gml:Envelope srsName="urn:tds:station.sos:SST">
                    <gml:lowerCorner>-52.0 0.0 0.0</gml:lowerCorner>
                    <gml:upperCorner>-52.0 0.0 0.0</gml:upperCorner>
                </gml:Envelope>
            </gml:boundedBy>
            <om:samplingTime>
                <gml:TimePeriod gml:id="DATA_TIME">
                    <gml:beginPosition>2012-06-26T00:00:00Z</gml:beginPosition>
                    <gml:endPosition>2012-06-26T00:00:00Z</gml:endPosition>
                </gml:TimePeriod>
            </om:samplingTime>
            <om:procedure xlink:href="empty location"/>
            <om:observedProperty xlink:href="http://marinemetadata.org/cf#sst"/>
            <om:observedProperty xlink:href="http://marinemetadata.org/cf#lat"/>
            <om:observedProperty xlink:href="http://marinemetadata.org/cf#lon"/>
            <om:featureOfInterest xlink:href="SST"/>
            <om:result>
                <swe:DataArray>
                    <swe:elementCount>
                        <swe:Count>
                            <swe:value>4</swe:value>
                        </swe:Count>
                    </swe:elementCount>
                    <swe:elementType name="SimpleDataArray">
                        <swe:DataRecord>
                            <swe:field name="time">
                                <swe:Time definition="urn:ogc:phenomenon:time:iso8601"/>
                            </swe:field>
                            <swe:field name="lat">
                                <swe:Quantity definition="urn:ogc:def:phenomenon:mmisw.org:cf:lat">
                                    <swe:uom code="degrees_north"/>
                                </swe:Quantity>
                            </swe:field>
                            <swe:field name="lon">
                                <swe:Quantity definition="urn:ogc:def:phenomenon:mmisw.org:cf:lon">
                                    <swe:uom code="degrees_east"/>
                                </swe:Quantity>
                            </swe:field>
                            <swe:field name="sst">
                                <swe:Quantity definition="urn:ogc:def:phenomenon:mmisw.org:cf:sst"/>
                            </swe:field>
                        </swe:DataRecord>
                    </swe:elementType>
                    <swe:encoding>
                        <swe:TextBlock blockSeparator=" "
                            decimalSeparator="." tokenSeparator=","/>
                    </swe:encoding>
                    <swe:values>2012-06-26T00:00:00Z,-52.0,0.0,274.07 </swe:values>
                </swe:DataArray>
            </om:result>
        </om:Observation>
    </om:member>
</om:ObservationCollection>
